Frequency (Hz),Amplitude
0.0,90.44213966266736
0.5,60.114090634005024
1.0,50.93496972817369
1.5,37.295578919290186
2.0,57.96940761776707
2.5,48.81416759778756
3.0,58.2583900907192
3.5,42.04587631226087
4.0,47.77524459828257
4.5,55.12509737406141
5.0,53.567262091813255
5.5,55.79674458135394
6.0,45.916330060863814
6.5,50.31111087156539
7.0,48.406403835290234
7.5,54.95514678667845
8.0,43.20056019134664
8.5,54.7512210872013
9.0,45.547881656498326
9.5,56.889735281816115
10.0,39.48315291924648
10.5,45.90270355400811
11.0,43.90694652183781
11.5,53.86204683593512
12.0,48.11323971882501
12.5,59.64806587754517
13.0,53.95674181135412
13.5,53.38078643335034
14.0,47.684491849186045
14.5,49.428492701441414
15.0,46.25618469997035
15.5,59.276624504519134
16.0,52.84585026987085
16.5,48.17710909617699
17.0,45.476460438308095
17.5,50.80894795478451
18.0,54.76160124296364
18.5,56.469304546579444
19.0,57.81343713863726
19.5,36.81433469606013
20.0,47.921268569402514
20.5,52.49026981161252
21.0,53.569189600991784
21.5,55.704781129825314
22.0,51.94818877950568
22.5,49.35537741529909
23.0,53.81970582547031
23.5,51.561533834855624
24.0,50.8863778192771
24.5,46.73910442480059
25.0,57.194668674924365
25.5,51.3569849546823
26.0,52.69588818867598
26.5,54.301437419259486
27.0,40.68166832825611
27.5,51.131684294030364
28.0,62.55267227778169
28.5,55.78126763329966
29.0,49.28357434365977
29.5,48.59117269935052
30.0,54.27912146763156
30.5,49.43592899614852
31.0,56.5046963553489
31.5,58.90770914591704
32.0,51.1411762061016
32.5,57.37984024592559
33.0,45.066744128264276
33.5,55.1251618045124
34.0,49.67401861302709
34.5,52.49021799376861
35.0,55.430166683536086
35.5,52.06917865169004
36.0,54.02029622603432
36.5,62.09357908590405
37.0,57.75461592210498
37.5,69.00450146792274
38.0,46.19680196116868
38.5,76.52269906525775
39.0,47.626428821572794
39.5,52.990561335936626
40.0,71.7178731642265
40.5,59.58419342023572
41.0,54.0344383985666
41.5,50.26997410924325
42.0,53.658069817675326
42.5,49.656439758681174
43.0,56.38186229173119
43.5,62.38943412378311
44.0,56.22416495093775
44.5,50.849943215295
45.0,53.40776120197218
45.5,47.055999517208605
46.0,35.792011803594285
46.5,44.90115568577417
47.0,48.078204713089036
47.5,52.19560044885233
48.0,54.338470541309036
48.5,54.852317498186
49.0,58.84948073597742
49.5,61.26630473113296
50.0,104.43971608985237
50.5,64.86798501657108
51.0,52.747684666009135
51.5,53.710777768298854
52.0,52.51122733451904
52.5,52.25163272622922
53.0,47.97874707616069
53.5,57.690528434477656
54.0,52.575359232586926
54.5,37.79944738457462
55.0,51.5020033911144
55.5,50.01077235285889
56.0,54.121279151888416
56.5,53.820472537266575
57.0,49.87485348315565
57.5,43.71217856592096
58.0,48.575806104037554
58.5,38.062367337613004
59.0,53.10795269434328
59.5,49.70872015402655
60.0,68.94387880904632
60.5,48.82488779433128
61.0,44.545259826818864
61.5,74.38927541775337
62.0,51.64388458768212
62.5,64.49026396467846
63.0,53.73420479689402
63.5,62.00341229830907
64.0,52.32934642799157
64.5,43.633655250594984
65.0,54.827055495318106
65.5,49.91355164319298
66.0,47.9441783655897
66.5,39.29410599667762
67.0,48.87270421354873
67.5,47.125252925990125
68.0,48.28877241269584
68.5,50.55944306237698
69.0,51.806426005422786
69.5,51.97469847999167
70.0,56.54949631364917
70.5,41.062863896067306
71.0,47.16915441439425
71.5,50.75490618484448
72.0,50.68767533078258
72.5,49.04695621356451
73.0,52.04993630166005
73.5,53.439978020106864
74.0,52.089684693959235
74.5,48.72082191627857
75.0,59.168173275900216
75.5,52.47681280763548
76.0,47.93566767302292
76.5,37.107439835450705
77.0,53.74285022600681
77.5,47.63430532011946
78.0,44.09085437938813
78.5,47.296519477036576
79.0,42.64629175631654
79.5,49.19821475856573
80.0,53.98287634588626
80.5,50.16649926365282
81.0,45.43031300215225
81.5,52.574448963914044
82.0,52.94368612222877
82.5,44.12109048767327
83.0,47.11288965812219
83.5,52.18553102241951
84.0,42.594826207771355
84.5,56.29385055798863
85.0,39.78026747588545
85.5,48.11469055406957
86.0,46.45524542083937
86.5,49.46134334099199
87.0,40.9203206057512
87.5,55.04748052248068
88.0,34.19908023581745
88.5,44.420321491214736
89.0,30.62820304209195
89.5,36.93668045078847
90.0,42.95036421763271
90.5,58.242190295400924
91.0,49.89109212909533
91.5,48.46019035378991
92.0,37.52643219301513
92.5,37.80230013813664
93.0,52.53421337870519
93.5,41.991731849482086
94.0,45.700500464748394
94.5,48.50209120513934
95.0,49.64091362642154
95.5,36.12716780582056
96.0,51.54288939955522
96.5,45.22222339417711
97.0,54.02352144818951
97.5,51.894326449747936
98.0,38.12290744283038
98.5,47.39325528999732
99.0,48.6717717197018
99.5,53.777454172250145
100.0,57.82489803201202
100.5,53.128697424702914
101.0,50.49699478673337
101.5,52.22328976874949
102.0,44.54627438474014
102.5,46.0249464209923
103.0,47.80517829624853
103.5,33.137002687028414
104.0,51.286054851479776
104.5,27.883612374905873
105.0,51.54487789132106
105.5,45.121363682721956
106.0,50.232028477166004
106.5,34.565449295908635
107.0,44.49646504792996
107.5,59.348625570273235
108.0,53.684432263515546
108.5,44.650779335532505
109.0,45.35415809897096
109.5,52.51780202388525
110.0,42.48681743755882
110.5,42.2492625670677
111.0,44.676950662534324
111.5,50.123587340105885
112.0,39.848750414661005
112.5,47.88554785927331
113.0,40.88510028806391
113.5,55.683637483037
114.0,41.10834292615719
114.5,41.85419741257742
115.0,49.91426765415223
115.5,51.81068558154395
116.0,43.41217526840814
116.5,48.72143753475499
117.0,39.466459417738314
117.5,39.71318685426602
118.0,41.782613708044195
118.5,50.24416259818378
119.0,47.45781945827137
119.5,43.175647948457154
120.0,38.990798302390616
120.5,48.292819962631555
121.0,41.90912281002912
121.5,46.45248540961091
122.0,50.82097386305386
122.5,42.62203731286833
123.0,50.59458925901933
123.5,44.115679836890244
124.0,43.12342772505812
124.5,51.22263891805478
125.0,54.115998352267944
125.5,49.26215269599092
126.0,37.03475781491979
126.5,49.106590872800425
127.0,52.30766067690699
127.5,45.2968985812043
128.0,47.33079433124212
128.5,46.38341632885886
129.0,54.779768028179284
129.5,48.08253459536019
130.0,50.8716968926867
130.5,51.43055529874679
131.0,53.70107570035158
131.5,47.160843958637635
132.0,49.8869642561067
132.5,47.56598428053267
133.0,39.98947336071018
133.5,47.195822794605334
134.0,46.13698022633525
134.5,56.133627260599475
135.0,45.720650694167716
135.5,54.943463582268876
136.0,51.63072323310906
136.5,46.25375838505592
137.0,44.95231277725762
137.5,53.53228172656551
138.0,41.13137838506709
138.5,48.313087859767315
139.0,50.838899683902106
139.5,51.751545102420884
140.0,47.73360984290815
140.5,49.58865545232712
141.0,45.989339000161486
141.5,47.77155031374431
142.0,47.33943635508084
142.5,48.29932475414072
143.0,44.190707021541265
143.5,52.9220139310786
144.0,46.7857560573319
144.5,47.32007010241068
145.0,47.349192693678035
145.5,48.091615760913726
146.0,49.143796743122394
146.5,47.45314840750059
147.0,48.37512254722163
147.5,46.37903984251273
148.0,50.28087010543436
148.5,48.14353935988353
149.0,45.24841101909395
149.5,38.01127215569389
150.0,58.28338207796457
150.5,51.064493673089935
151.0,40.15647961146743
151.5,48.16011212968026
152.0,43.95069022356107
152.5,54.74100339163485
153.0,44.21241348420851
153.5,48.60702226105385
154.0,41.35661248279518
154.5,38.826990264870524
155.0,51.96967040533063
155.5,51.327157393302215
156.0,41.269535085095015
156.5,49.400622357838905
157.0,49.281190155119305
157.5,40.96014418225262
158.0,47.66924766167801
158.5,48.154369322727
159.0,47.78394799439538
159.5,47.21803833529495
160.0,39.56279591368484
160.5,39.00576085145439
161.0,50.892397600535276
161.5,52.18286201892957
162.0,47.072643445788415
162.5,49.90811396180654
163.0,49.92472390826017
163.5,46.924076348120245
164.0,45.94227851429216
164.5,49.25269799211318
165.0,39.239669078708175
165.5,43.548077551855904
166.0,47.44725031859932
166.5,49.43668262176074
167.0,45.33251799984389
167.5,49.19694462776416
168.0,53.198084939788245
168.5,37.03958307812467
169.0,50.29668756010245
169.5,40.00428380521924
170.0,53.18802665668944
170.5,48.24820111132578
171.0,39.928684875192275
171.5,51.69714004970147
172.0,51.789699758480346
172.5,48.7646079402662
173.0,45.63032678420364
173.5,46.33421460991626
174.0,44.31730988111645
174.5,44.28813821886191
175.0,38.15864971823387
175.5,46.68487362224461
176.0,48.40016118559176
176.5,44.75542472048758
177.0,35.207553240712286
177.5,48.79847249984493
178.0,50.35225673377731
178.5,43.52059442600109
179.0,48.45264957822826
179.5,51.5898191941086
180.0,44.36253099957832
180.5,45.752848652559024
181.0,48.18211828976794
181.5,47.82108955157384
182.0,47.79348686871556
182.5,46.372026875120454
183.0,41.0989914708029
183.5,28.311997353857585
184.0,42.78351795833207
184.5,33.2831310946247
185.0,38.51855016179286
185.5,52.306561024160764
186.0,43.11843532102908
186.5,53.03501223438807
187.0,53.376404928642884
187.5,45.869907751830866
188.0,46.53465922632826
188.5,41.98850206284706
189.0,46.62792769265444
189.5,48.61180359546441
190.0,55.31480022372542
190.5,53.24163250808095
191.0,41.86338010998984
191.5,43.40485976492708
192.0,51.73140604704688
192.5,48.667190511311304
193.0,47.0169561908843
193.5,49.652278697989246
194.0,49.11555953400212
194.5,41.686778945674455
195.0,38.08227315289679
195.5,52.80376626813529
196.0,48.41845987618481
196.5,42.69729058676103
197.0,55.32163657665279
197.5,48.45491903015436
198.0,52.60402777893112
198.5,50.51733788600401
199.0,48.33715208537633
199.5,49.43721691003575
200.0,53.07003616976125
200.5,46.11911812304903
201.0,49.311339598430486
201.5,43.309405662887556
202.0,47.76354486886257
202.5,48.3013718427629
203.0,41.845083303560855
203.5,50.11550015579698
204.0,39.00627774593507
204.5,47.939186300172594
205.0,44.10172637157402
205.5,39.67149533285377
206.0,52.24865341588357
206.5,50.50936991047301
207.0,39.917564373507595
207.5,32.809823618539326
208.0,49.755313586164434
208.5,39.58310959657116
209.0,51.83578601640391
209.5,49.59674080297941
210.0,49.36388572627463
210.5,45.04622985849416
211.0,38.81562282331425
211.5,47.42212873239663
212.0,43.80508255444199
212.5,50.901371642774194
213.0,37.61517331490095
213.5,47.16225025621887
214.0,39.49256587171738
214.5,37.1149203380819
215.0,48.63734650053373
215.5,49.52457129189493
216.0,50.46909825962645
216.5,48.734875711942145
217.0,46.3831456205905
217.5,50.51097204210036
218.0,42.928890881890005
218.5,43.284722387499414
219.0,42.34022709301328
219.5,52.9698071096192
220.0,48.18386659079786
220.5,48.025530451242275
221.0,43.709974008003904
221.5,44.625328739622034
222.0,47.912042364820934
222.5,47.44702654643706
223.0,47.91344333297673
223.5,48.250796565900664
224.0,49.174657458677785
224.5,49.15672006356641
225.0,47.927187186657456
225.5,47.75571317833672
226.0,49.05596580636697
226.5,49.195713135352825
227.0,32.56714607610752
227.5,53.28873560057544
228.0,47.56305137533705
228.5,46.943468887560485
229.0,39.90823220237269
229.5,29.45923020468729
230.0,44.93937653795247
230.5,46.917131404126124
231.0,47.96799954595134
231.5,43.51687132631071
232.0,46.716155543352755
232.5,43.07841950832547
233.0,52.10738254750602
233.5,49.38322806606595
234.0,48.000226929349424
234.5,54.39099533737036
235.0,52.31952840040936
235.5,45.824406960834025
236.0,38.563269864820754
236.5,43.858781915593994
237.0,52.197020781841616
237.5,55.004747461000505
238.0,45.83299430883283
238.5,22.911839806343632
239.0,48.09860395168017
239.5,53.5539555235749
240.0,45.34636484691867
240.5,53.85400934421152
241.0,48.97185074856015
241.5,38.27878765602164
242.0,42.10416243383462
242.5,50.79508656062866
243.0,47.1616923716081
243.5,40.34664116254332
244.0,45.69799552929473
244.5,44.95897937084811
245.0,48.095259234012445
245.5,47.45607926889904
246.0,47.4536998520193
246.5,48.28908825240294
247.0,34.46124854053832
247.5,51.729913027936625
248.0,48.20171886756856
248.5,49.5397203889049
249.0,43.96929710194059
249.5,49.49927434302806
